[{"model": "admin.logentry", "pk": 1, "fields": {"action_time": "2024-06-06T15:33:25.740Z", "user": 1, "content_type": 17, "object_id": "1", "object_repr": "star", "action_flag": 1, "change_message": "[{\"added\": {}}]"}}, {"model": "admin.logentry", "pk": 2, "fields": {"action_time": "2024-06-06T15:38:14.596Z", "user": 1, "content_type": 17, "object_id": "2", "object_repr": "black_hole", "action_flag": 1, "change_message": "[{\"added\": {}}]"}}, {"model": "admin.logentry", "pk": 3, "fields": {"action_time": "2024-06-06T15:38:39.067Z", "user": 1, "content_type": 17, "object_id": "3", "object_repr": "galactic", "action_flag": 1, "change_message": "[{\"added\": {}}]"}}, {"model": "admin.logentry", "pk": 4, "fields": {"action_time": "2024-06-06T15:38:52.029Z", "user": 1, "content_type": 17, "object_id": "4", "object_repr": "Milky_Way", "action_flag": 1, "change_message": "[{\"added\": {}}]"}}, {"model": "admin.logentry", "pk": 5, "fields": {"action_time": "2024-06-06T15:39:03.996Z", "user": 1, "content_type": 17, "object_id": "5", "object_repr": "nebula", "action_flag": 1, "change_message": "[{\"added\": {}}]"}}, {"model": "auth.permission", "pk": 1, "fields": {"name": "Can add log entry", "content_type": 1, "codename": "add_logentry"}}, {"model": "auth.permission", "pk": 2, "fields": {"name": "Can change log entry", "content_type": 1, "codename": "change_logentry"}}, {"model": "auth.permission", "pk": 3, "fields": {"name": "Can delete log entry", "content_type": 1, "codename": "delete_logentry"}}, {"model": "auth.permission", "pk": 4, "fields": {"name": "Can view log entry", "content_type": 1, "codename": "view_logentry"}}, {"model": "auth.permission", "pk": 5, "fields": {"name": "Can add permission", "content_type": 2, "codename": "add_permission"}}, {"model": "auth.permission", "pk": 6, "fields": {"name": "Can change permission", "content_type": 2, "codename": "change_permission"}}, {"model": "auth.permission", "pk": 7, "fields": {"name": "Can delete permission", "content_type": 2, "codename": "delete_permission"}}, {"model": "auth.permission", "pk": 8, "fields": {"name": "Can view permission", "content_type": 2, "codename": "view_permission"}}, {"model": "auth.permission", "pk": 9, "fields": {"name": "Can add group", "content_type": 3, "codename": "add_group"}}, {"model": "auth.permission", "pk": 10, "fields": {"name": "Can change group", "content_type": 3, "codename": "change_group"}}, {"model": "auth.permission", "pk": 11, "fields": {"name": "Can delete group", "content_type": 3, "codename": "delete_group"}}, {"model": "auth.permission", "pk": 12, "fields": {"name": "Can view group", "content_type": 3, "codename": "view_group"}}, {"model": "auth.permission", "pk": 13, "fields": {"name": "Can add user", "content_type": 4, "codename": "add_user"}}, {"model": "auth.permission", "pk": 14, "fields": {"name": "Can change user", "content_type": 4, "codename": "change_user"}}, {"model": "auth.permission", "pk": 15, "fields": {"name": "Can delete user", "content_type": 4, "codename": "delete_user"}}, {"model": "auth.permission", "pk": 16, "fields": {"name": "Can view user", "content_type": 4, "codename": "view_user"}}, {"model": "auth.permission", "pk": 17, "fields": {"name": "Can add content type", "content_type": 5, "codename": "add_contenttype"}}, {"model": "auth.permission", "pk": 18, "fields": {"name": "Can change content type", "content_type": 5, "codename": "change_contenttype"}}, {"model": "auth.permission", "pk": 19, "fields": {"name": "Can delete content type", "content_type": 5, "codename": "delete_contenttype"}}, {"model": "auth.permission", "pk": 20, "fields": {"name": "Can view content type", "content_type": 5, "codename": "view_contenttype"}}, {"model": "auth.permission", "pk": 21, "fields": {"name": "Can add session", "content_type": 6, "codename": "add_session"}}, {"model": "auth.permission", "pk": 22, "fields": {"name": "Can change session", "content_type": 6, "codename": "change_session"}}, {"model": "auth.permission", "pk": 23, "fields": {"name": "Can delete session", "content_type": 6, "codename": "delete_session"}}, {"model": "auth.permission", "pk": 24, "fields": {"name": "Can view session", "content_type": 6, "codename": "view_session"}}, {"model": "auth.permission", "pk": 25, "fields": {"name": "Can add source", "content_type": 7, "codename": "add_source"}}, {"model": "auth.permission", "pk": 26, "fields": {"name": "Can change source", "content_type": 7, "codename": "change_source"}}, {"model": "auth.permission", "pk": 27, "fields": {"name": "Can delete source", "content_type": 7, "codename": "delete_source"}}, {"model": "auth.permission", "pk": 28, "fields": {"name": "Can view source", "content_type": 7, "codename": "view_source"}}, {"model": "auth.permission", "pk": 29, "fields": {"name": "Can add thumbnail", "content_type": 8, "codename": "add_thumbnail"}}, {"model": "auth.permission", "pk": 30, "fields": {"name": "Can change thumbnail", "content_type": 8, "codename": "change_thumbnail"}}, {"model": "auth.permission", "pk": 31, "fields": {"name": "Can delete thumbnail", "content_type": 8, "codename": "delete_thumbnail"}}, {"model": "auth.permission", "pk": 32, "fields": {"name": "Can view thumbnail", "content_type": 8, "codename": "view_thumbnail"}}, {"model": "auth.permission", "pk": 33, "fields": {"name": "Can add thumbnail dimensions", "content_type": 9, "codename": "add_thumbnaildimensions"}}, {"model": "auth.permission", "pk": 34, "fields": {"name": "Can change thumbnail dimensions", "content_type": 9, "codename": "change_thumbnaildimensions"}}, {"model": "auth.permission", "pk": 35, "fields": {"name": "Can delete thumbnail dimensions", "content_type": 9, "codename": "delete_thumbnaildimensions"}}, {"model": "auth.permission", "pk": 36, "fields": {"name": "Can view thumbnail dimensions", "content_type": 9, "codename": "view_thumbnaildimensions"}}, {"model": "auth.permission", "pk": 37, "fields": {"name": "Can add clipboard", "content_type": 10, "codename": "add_clipboard"}}, {"model": "auth.permission", "pk": 38, "fields": {"name": "Can change clipboard", "content_type": 10, "codename": "change_clipboard"}}, {"model": "auth.permission", "pk": 39, "fields": {"name": "Can delete clipboard", "content_type": 10, "codename": "delete_clipboard"}}, {"model": "auth.permission", "pk": 40, "fields": {"name": "Can view clipboard", "content_type": 10, "codename": "view_clipboard"}}, {"model": "auth.permission", "pk": 41, "fields": {"name": "Can add clipboard item", "content_type": 11, "codename": "add_clipboarditem"}}, {"model": "auth.permission", "pk": 42, "fields": {"name": "Can change clipboard item", "content_type": 11, "codename": "change_clipboarditem"}}, {"model": "auth.permission", "pk": 43, "fields": {"name": "Can delete clipboard item", "content_type": 11, "codename": "delete_clipboarditem"}}, {"model": "auth.permission", "pk": 44, "fields": {"name": "Can view clipboard item", "content_type": 11, "codename": "view_clipboarditem"}}, {"model": "auth.permission", "pk": 45, "fields": {"name": "Can add file", "content_type": 12, "codename": "add_file"}}, {"model": "auth.permission", "pk": 46, "fields": {"name": "Can change file", "content_type": 12, "codename": "change_file"}}, {"model": "auth.permission", "pk": 47, "fields": {"name": "Can delete file", "content_type": 12, "codename": "delete_file"}}, {"model": "auth.permission", "pk": 48, "fields": {"name": "Can view file", "content_type": 12, "codename": "view_file"}}, {"model": "auth.permission", "pk": 49, "fields": {"name": "Can add Folder", "content_type": 13, "codename": "add_folder"}}, {"model": "auth.permission", "pk": 50, "fields": {"name": "Can change Folder", "content_type": 13, "codename": "change_folder"}}, {"model": "auth.permission", "pk": 51, "fields": {"name": "Can delete Folder", "content_type": 13, "codename": "delete_folder"}}, {"model": "auth.permission", "pk": 52, "fields": {"name": "Can view Folder", "content_type": 13, "codename": "view_folder"}}, {"model": "auth.permission", "pk": 53, "fields": {"name": "Can use directory listing", "content_type": 13, "codename": "can_use_directory_listing"}}, {"model": "auth.permission", "pk": 54, "fields": {"name": "Can add folder permission", "content_type": 14, "codename": "add_folderpermission"}}, {"model": "auth.permission", "pk": 55, "fields": {"name": "Can change folder permission", "content_type": 14, "codename": "change_folderpermission"}}, {"model": "auth.permission", "pk": 56, "fields": {"name": "Can delete folder permission", "content_type": 14, "codename": "delete_folderpermission"}}, {"model": "auth.permission", "pk": 57, "fields": {"name": "Can view folder permission", "content_type": 14, "codename": "view_folderpermission"}}, {"model": "auth.permission", "pk": 58, "fields": {"name": "Can add image", "content_type": 15, "codename": "add_image"}}, {"model": "auth.permission", "pk": 59, "fields": {"name": "Can change image", "content_type": 15, "codename": "change_image"}}, {"model": "auth.permission", "pk": 60, "fields": {"name": "Can delete image", "content_type": 15, "codename": "delete_image"}}, {"model": "auth.permission", "pk": 61, "fields": {"name": "Can view image", "content_type": 15, "codename": "view_image"}}, {"model": "auth.permission", "pk": 62, "fields": {"name": "Can add thumbnail option", "content_type": 16, "codename": "add_thumbnailoption"}}, {"model": "auth.permission", "pk": 63, "fields": {"name": "Can change thumbnail option", "content_type": 16, "codename": "change_thumbnailoption"}}, {"model": "auth.permission", "pk": 64, "fields": {"name": "Can delete thumbnail option", "content_type": 16, "codename": "delete_thumbnailoption"}}, {"model": "auth.permission", "pk": 65, "fields": {"name": "Can view thumbnail option", "content_type": 16, "codename": "view_thumbnailoption"}}, {"model": "auth.permission", "pk": 66, "fields": {"name": "Can add picture", "content_type": 17, "codename": "add_picture"}}, {"model": "auth.permission", "pk": 67, "fields": {"name": "Can change picture", "content_type": 17, "codename": "change_picture"}}, {"model": "auth.permission", "pk": 68, "fields": {"name": "Can delete picture", "content_type": 17, "codename": "delete_picture"}}, {"model": "auth.permission", "pk": 69, "fields": {"name": "Can view picture", "content_type": 17, "codename": "view_picture"}}, {"model": "auth.user", "pk": 1, "fields": {"password": "pbkdf2_sha256$600000$3ycENrMs0ofdWvgQnzkMJd$uGn8zzBJC1cPqCa7GoHTYr+/7xafxb8CjoPFMufrpsM=", "last_login": "2024-06-06T15:19:21.641Z", "is_superuser": true, "username": "admin", "first_name": "", "last_name": "", "email": "", "is_staff": true, "is_active": true, "date_joined": "2024-06-06T15:18:34.007Z", "groups": [], "user_permissions": []}}, {"model": "contenttypes.contenttype", "pk": 1, "fields": {"app_label": "admin", "model": "logentry"}}, {"model": "contenttypes.contenttype", "pk": 2, "fields": {"app_label": "auth", "model": "permission"}}, {"model": "contenttypes.contenttype", "pk": 3, "fields": {"app_label": "auth", "model": "group"}}, {"model": "contenttypes.contenttype", "pk": 4, "fields": {"app_label": "auth", "model": "user"}}, {"model": "contenttypes.contenttype", "pk": 5, "fields": {"app_label": "contenttypes", "model": "contenttype"}}, {"model": "contenttypes.contenttype", "pk": 6, "fields": {"app_label": "sessions", "model": "session"}}, {"model": "contenttypes.contenttype", "pk": 7, "fields": {"app_label": "easy_thumbnails", "model": "source"}}, {"model": "contenttypes.contenttype", "pk": 8, "fields": {"app_label": "easy_thumbnails", "model": "thumbnail"}}, {"model": "contenttypes.contenttype", "pk": 9, "fields": {"app_label": "easy_thumbnails", "model": "thumbnaildimensions"}}, {"model": "contenttypes.contenttype", "pk": 10, "fields": {"app_label": "filer", "model": "clipboard"}}, {"model": "contenttypes.contenttype", "pk": 11, "fields": {"app_label": "filer", "model": "clipboarditem"}}, {"model": "contenttypes.contenttype", "pk": 12, "fields": {"app_label": "filer", "model": "file"}}, {"model": "contenttypes.contenttype", "pk": 13, "fields": {"app_label": "filer", "model": "folder"}}, {"model": "contenttypes.contenttype", "pk": 14, "fields": {"app_label": "filer", "model": "folderpermission"}}, {"model": "contenttypes.contenttype", "pk": 15, "fields": {"app_label": "filer", "model": "image"}}, {"model": "contenttypes.contenttype", "pk": 16, "fields": {"app_label": "filer", "model": "thumbnailoption"}}, {"model": "contenttypes.contenttype", "pk": 17, "fields": {"app_label": "agency", "model": "picture"}}, {"model": "sessions.session", "pk": "r2ml6lkt5vgcs00z2tkpjqo1ufxhn340", "fields": {"session_data": ".eJxVjssOgjAURP-la9NAC6TXpXu_obmvCtrQhMLK-O9CwkK3c2ZO5m0ibusYt6pLnMRcTWsuvxkhv3Q-gDxxfhTLZV6XiexRsSet9l5E8-3s_glGrOO-hoY8Bi-e1CM3CtRLBwqdDq51riN1wsgArlenkFJqhpCCkJfAjP0uTVPefRnrGlPJch5uP18B2EIC:1sFFCb:lQogS5kC8jKcxr8Q7oRpLtlRdVT-wGsjSwpQ0kwQ5zs", "expire_date": "2024-06-20T15:38:57.513Z"}}, {"model": "easy_thumbnails.source", "pk": 1, "fields": {"storage_hash": "0d677af76ca5bf5575d614e04932c3a4", "name": "filer_public/57/a2/57a2991f-e2cd-4d88-99e5-a035523a3f60/star.jpeg", "modified": "2024-06-06T16:08:30.703Z"}}, {"model": "easy_thumbnails.source", "pk": 2, "fields": {"storage_hash": "0d677af76ca5bf5575d614e04932c3a4", "name": "filer_public/36/ee/36eef6a8-3038-4e02-bdc5-f8983c5cdc22/black_hole.jpg", "modified": "2024-06-06T16:08:31.932Z"}}, {"model": "easy_thumbnails.source", "pk": 3, "fields": {"storage_hash": "0d677af76ca5bf5575d614e04932c3a4", "name": "filer_public/cf/07/cf07510c-3078-4755-9376-606d9c3e9577/galactic.jpg", "modified": "2024-06-06T16:08:33.068Z"}}, {"model": "easy_thumbnails.source", "pk": 4, "fields": {"storage_hash": "0d677af76ca5bf5575d614e04932c3a4", "name": "filer_public/69/61/69616161-7ca6-43d3-8553-1b1d3cd2f1b0/milky_way.jpg", "modified": "2024-06-06T16:08:33.989Z"}}, {"model": "easy_thumbnails.source", "pk": 5, "fields": {"storage_hash": "0d677af76ca5bf5575d614e04932c3a4", "name": "filer_public/c4/99/c4999b52-426e-48c7-8391-eec961838434/nebula.jpg", "modified": "2024-06-06T16:08:34.969Z"}}, {"model": "easy_thumbnails.thumbnail", "pk": 1, "fields": {"storage_hash": "0d677af76ca5bf5575d614e04932c3a4", "name": "filer_public_thumbnails/filer_public/57/a2/57a2991f-e2cd-4d88-99e5-a035523a3f60/star.jpeg__180x180_q85_crop_subsampling-2_upscale.jpg", "modified": "2024-06-06T15:33:12.537Z", "source": 1}}, {"model": "easy_thumbnails.thumbnail", "pk": 2, "fields": {"storage_hash": "0d677af76ca5bf5575d614e04932c3a4", "name": "filer_public_thumbnails/filer_public/57/a2/57a2991f-e2cd-4d88-99e5-a035523a3f60/star.jpeg__40x40_q85_crop_subsampling-2.jpg", "modified": "2024-06-06T15:37:50.794Z", "source": 1}}, {"model": "easy_thumbnails.thumbnail", "pk": 3, "fields": {"storage_hash": "0d677af76ca5bf5575d614e04932c3a4", "name": "filer_public_thumbnails/filer_public/57/a2/57a2991f-e2cd-4d88-99e5-a035523a3f60/star.jpeg__80x80_q85_crop_subsampling-2.jpg", "modified": "2024-06-06T15:33:21.057Z", "source": 1}}, {"model": "easy_thumbnails.thumbnail", "pk": 4, "fields": {"storage_hash": "0d677af76ca5bf5575d614e04932c3a4", "name": "filer_public_thumbnails/filer_public/57/a2/57a2991f-e2cd-4d88-99e5-a035523a3f60/star.jpeg__250x250_q85_crop_subsampling-2.jpg", "modified": "2024-06-06T15:36:36.396Z", "source": 1}}, {"model": "easy_thumbnails.thumbnail", "pk": 5, "fields": {"storage_hash": "0d677af76ca5bf5575d614e04932c3a4", "name": "filer_public_thumbnails/filer_public/36/ee/36eef6a8-3038-4e02-bdc5-f8983c5cdc22/black_hole.jpg__180x180_q85_crop_subsampling-2_upscale.jpg", "modified": "2024-06-06T15:38:01.446Z", "source": 2}}, {"model": "easy_thumbnails.thumbnail", "pk": 6, "fields": {"storage_hash": "0d677af76ca5bf5575d614e04932c3a4", "name": "filer_public_thumbnails/filer_public/cf/07/cf07510c-3078-4755-9376-606d9c3e9577/galactic.jpg__180x180_q85_crop_subsampling-2_upscale.jpg", "modified": "2024-06-06T15:38:01.519Z", "source": 3}}, {"model": "easy_thumbnails.thumbnail", "pk": 7, "fields": {"storage_hash": "0d677af76ca5bf5575d614e04932c3a4", "name": "filer_public_thumbnails/filer_public/69/61/69616161-7ca6-43d3-8553-1b1d3cd2f1b0/milky_way.jpg__180x180_q85_crop_subsampling-2_upscale.jpg", "modified": "2024-06-06T15:38:01.520Z", "source": 4}}, {"model": "easy_thumbnails.thumbnail", "pk": 8, "fields": {"storage_hash": "0d677af76ca5bf5575d614e04932c3a4", "name": "filer_public_thumbnails/filer_public/c4/99/c4999b52-426e-48c7-8391-eec961838434/nebula.jpg__180x180_q85_crop_subsampling-2_upscale.jpg", "modified": "2024-06-06T15:38:03.479Z", "source": 5}}, {"model": "easy_thumbnails.thumbnail", "pk": 9, "fields": {"storage_hash": "0d677af76ca5bf5575d614e04932c3a4", "name": "filer_public_thumbnails/filer_public/36/ee/36eef6a8-3038-4e02-bdc5-f8983c5cdc22/black_hole.jpg__40x40_q85_crop_subsampling-2.jpg", "modified": "2024-06-06T15:38:28.664Z", "source": 2}}, {"model": "easy_thumbnails.thumbnail", "pk": 10, "fields": {"storage_hash": "0d677af76ca5bf5575d614e04932c3a4", "name": "filer_public_thumbnails/filer_public/c4/99/c4999b52-426e-48c7-8391-eec961838434/nebula.jpg__40x40_q85_crop_subsampling-2.jpg", "modified": "2024-06-06T15:38:05.364Z", "source": 5}}, {"model": "easy_thumbnails.thumbnail", "pk": 11, "fields": {"storage_hash": "0d677af76ca5bf5575d614e04932c3a4", "name": "filer_public_thumbnails/filer_public/cf/07/cf07510c-3078-4755-9376-606d9c3e9577/galactic.jpg__40x40_q85_crop_subsampling-2.jpg", "modified": "2024-06-06T15:38:45.813Z", "source": 3}}, {"model": "easy_thumbnails.thumbnail", "pk": 12, "fields": {"storage_hash": "0d677af76ca5bf5575d614e04932c3a4", "name": "filer_public_thumbnails/filer_public/69/61/69616161-7ca6-43d3-8553-1b1d3cd2f1b0/milky_way.jpg__40x40_q85_crop_subsampling-2.jpg", "modified": "2024-06-06T15:38:58.704Z", "source": 4}}, {"model": "easy_thumbnails.thumbnail", "pk": 13, "fields": {"storage_hash": "0d677af76ca5bf5575d614e04932c3a4", "name": "filer_public_thumbnails/filer_public/36/ee/36eef6a8-3038-4e02-bdc5-f8983c5cdc22/black_hole.jpg__80x80_q85_crop_subsampling-2.jpg", "modified": "2024-06-06T15:38:10.878Z", "source": 2}}, {"model": "easy_thumbnails.thumbnail", "pk": 14, "fields": {"storage_hash": "0d677af76ca5bf5575d614e04932c3a4", "name": "filer_public_thumbnails/filer_public/cf/07/cf07510c-3078-4755-9376-606d9c3e9577/galactic.jpg__80x80_q85_crop_subsampling-2.jpg", "modified": "2024-06-06T15:38:33.668Z", "source": 3}}, {"model": "easy_thumbnails.thumbnail", "pk": 15, "fields": {"storage_hash": "0d677af76ca5bf5575d614e04932c3a4", "name": "filer_public_thumbnails/filer_public/69/61/69616161-7ca6-43d3-8553-1b1d3cd2f1b0/milky_way.jpg__80x80_q85_crop_subsampling-2.jpg", "modified": "2024-06-06T15:38:48.876Z", "source": 4}}, {"model": "easy_thumbnails.thumbnail", "pk": 16, "fields": {"storage_hash": "0d677af76ca5bf5575d614e04932c3a4", "name": "filer_public_thumbnails/filer_public/c4/99/c4999b52-426e-48c7-8391-eec961838434/nebula.jpg__80x80_q85_crop_subsampling-2.jpg", "modified": "2024-06-06T15:39:01.669Z", "source": 5}}, {"model": "easy_thumbnails.thumbnail", "pk": 17, "fields": {"storage_hash": "0d677af76ca5bf5575d614e04932c3a4", "name": "filer_public_thumbnails/filer_public/36/ee/36eef6a8-3038-4e02-bdc5-f8983c5cdc22/black_hole.jpg__250x250_q85_crop_subsampling-2.jpg", "modified": "2024-06-06T15:39:08.236Z", "source": 2}}, {"model": "easy_thumbnails.thumbnail", "pk": 18, "fields": {"storage_hash": "0d677af76ca5bf5575d614e04932c3a4", "name": "filer_public_thumbnails/filer_public/cf/07/cf07510c-3078-4755-9376-606d9c3e9577/galactic.jpg__250x250_q85_crop_subsampling-2.jpg", "modified": "2024-06-06T15:39:08.826Z", "source": 3}}, {"model": "easy_thumbnails.thumbnail", "pk": 19, "fields": {"storage_hash": "0d677af76ca5bf5575d614e04932c3a4", "name": "filer_public_thumbnails/filer_public/69/61/69616161-7ca6-43d3-8553-1b1d3cd2f1b0/milky_way.jpg__250x250_q85_crop_subsampling-2.jpg", "modified": "2024-06-06T15:39:09.228Z", "source": 4}}, {"model": "easy_thumbnails.thumbnail", "pk": 20, "fields": {"storage_hash": "0d677af76ca5bf5575d614e04932c3a4", "name": "filer_public_thumbnails/filer_public/c4/99/c4999b52-426e-48c7-8391-eec961838434/nebula.jpg__250x250_q85_crop_subsampling-2.jpg", "modified": "2024-06-06T15:39:09.573Z", "source": 5}}, {"model": "easy_thumbnails.thumbnail", "pk": 21, "fields": {"storage_hash": "0d677af76ca5bf5575d614e04932c3a4", "name": "filer_public_thumbnails/filer_public/57/a2/57a2991f-e2cd-4d88-99e5-a035523a3f60/star.jpeg__180x180_q85_crop_subsampling-2.jpg", "modified": "2024-06-06T15:41:41.932Z", "source": 1}}, {"model": "easy_thumbnails.thumbnail", "pk": 22, "fields": {"storage_hash": "0d677af76ca5bf5575d614e04932c3a4", "name": "filer_public_thumbnails/filer_public/36/ee/36eef6a8-3038-4e02-bdc5-f8983c5cdc22/black_hole.jpg__180x180_q85_crop_subsampling-2.jpg", "modified": "2024-06-06T15:41:42.239Z", "source": 2}}, {"model": "easy_thumbnails.thumbnail", "pk": 23, "fields": {"storage_hash": "0d677af76ca5bf5575d614e04932c3a4", "name": "filer_public_thumbnails/filer_public/cf/07/cf07510c-3078-4755-9376-606d9c3e9577/galactic.jpg__180x180_q85_crop_subsampling-2.jpg", "modified": "2024-06-06T15:41:42.639Z", "source": 3}}, {"model": "easy_thumbnails.thumbnail", "pk": 24, "fields": {"storage_hash": "0d677af76ca5bf5575d614e04932c3a4", "name": "filer_public_thumbnails/filer_public/69/61/69616161-7ca6-43d3-8553-1b1d3cd2f1b0/milky_way.jpg__180x180_q85_crop_subsampling-2.jpg", "modified": "2024-06-06T15:41:42.995Z", "source": 4}}, {"model": "easy_thumbnails.thumbnail", "pk": 25, "fields": {"storage_hash": "0d677af76ca5bf5575d614e04932c3a4", "name": "filer_public_thumbnails/filer_public/c4/99/c4999b52-426e-48c7-8391-eec961838434/nebula.jpg__180x180_q85_crop_subsampling-2.jpg", "modified": "2024-06-06T15:41:44.459Z", "source": 5}}, {"model": "easy_thumbnails.thumbnail", "pk": 26, "fields": {"storage_hash": "0d677af76ca5bf5575d614e04932c3a4", "name": "filer_public_thumbnails/filer_public/57/a2/57a2991f-e2cd-4d88-99e5-a035523a3f60/star.jpeg__16x16_q85_crop_subsampling-2_upscale.jpg", "modified": "2024-06-06T16:08:30.928Z", "source": 1}}, {"model": "easy_thumbnails.thumbnail", "pk": 27, "fields": {"storage_hash": "0d677af76ca5bf5575d614e04932c3a4", "name": "filer_public_thumbnails/filer_public/57/a2/57a2991f-e2cd-4d88-99e5-a035523a3f60/star.jpeg__32x32_q85_crop_subsampling-2_upscale.jpg", "modified": "2024-06-06T16:08:31.029Z", "source": 1}}, {"model": "easy_thumbnails.thumbnail", "pk": 28, "fields": {"storage_hash": "0d677af76ca5bf5575d614e04932c3a4", "name": "filer_public_thumbnails/filer_public/57/a2/57a2991f-e2cd-4d88-99e5-a035523a3f60/star.jpeg__48x48_q85_crop_subsampling-2_upscale.jpg", "modified": "2024-06-06T16:08:31.227Z", "source": 1}}, {"model": "easy_thumbnails.thumbnail", "pk": 29, "fields": {"storage_hash": "0d677af76ca5bf5575d614e04932c3a4", "name": "filer_public_thumbnails/filer_public/57/a2/57a2991f-e2cd-4d88-99e5-a035523a3f60/star.jpeg__64x64_q85_crop_subsampling-2_upscale.jpg", "modified": "2024-06-06T16:08:31.519Z", "source": 1}}, {"model": "easy_thumbnails.thumbnail", "pk": 30, "fields": {"storage_hash": "0d677af76ca5bf5575d614e04932c3a4", "name": "filer_public_thumbnails/filer_public/36/ee/36eef6a8-3038-4e02-bdc5-f8983c5cdc22/black_hole.jpg__16x16_q85_crop_subsampling-2_upscale.jpg", "modified": "2024-06-06T16:08:32.063Z", "source": 2}}, {"model": "easy_thumbnails.thumbnail", "pk": 31, "fields": {"storage_hash": "0d677af76ca5bf5575d614e04932c3a4", "name": "filer_public_thumbnails/filer_public/36/ee/36eef6a8-3038-4e02-bdc5-f8983c5cdc22/black_hole.jpg__32x32_q85_crop_subsampling-2_upscale.jpg", "modified": "2024-06-06T16:08:32.213Z", "source": 2}}, {"model": "easy_thumbnails.thumbnail", "pk": 32, "fields": {"storage_hash": "0d677af76ca5bf5575d614e04932c3a4", "name": "filer_public_thumbnails/filer_public/36/ee/36eef6a8-3038-4e02-bdc5-f8983c5cdc22/black_hole.jpg__48x48_q85_crop_subsampling-2_upscale.jpg", "modified": "2024-06-06T16:08:32.323Z", "source": 2}}, {"model": "easy_thumbnails.thumbnail", "pk": 33, "fields": {"storage_hash": "0d677af76ca5bf5575d614e04932c3a4", "name": "filer_public_thumbnails/filer_public/36/ee/36eef6a8-3038-4e02-bdc5-f8983c5cdc22/black_hole.jpg__64x64_q85_crop_subsampling-2_upscale.jpg", "modified": "2024-06-06T16:08:32.737Z", "source": 2}}, {"model": "easy_thumbnails.thumbnail", "pk": 34, "fields": {"storage_hash": "0d677af76ca5bf5575d614e04932c3a4", "name": "filer_public_thumbnails/filer_public/cf/07/cf07510c-3078-4755-9376-606d9c3e9577/galactic.jpg__16x16_q85_crop_subsampling-2_upscale.jpg", "modified": "2024-06-06T16:08:33.298Z", "source": 3}}, {"model": "easy_thumbnails.thumbnail", "pk": 35, "fields": {"storage_hash": "0d677af76ca5bf5575d614e04932c3a4", "name": "filer_public_thumbnails/filer_public/cf/07/cf07510c-3078-4755-9376-606d9c3e9577/galactic.jpg__32x32_q85_crop_subsampling-2_upscale.jpg", "modified": "2024-06-06T16:08:33.449Z", "source": 3}}, {"model": "easy_thumbnails.thumbnail", "pk": 36, "fields": {"storage_hash": "0d677af76ca5bf5575d614e04932c3a4", "name": "filer_public_thumbnails/filer_public/cf/07/cf07510c-3078-4755-9376-606d9c3e9577/galactic.jpg__48x48_q85_crop_subsampling-2_upscale.jpg", "modified": "2024-06-06T16:08:33.605Z", "source": 3}}, {"model": "easy_thumbnails.thumbnail", "pk": 37, "fields": {"storage_hash": "0d677af76ca5bf5575d614e04932c3a4", "name": "filer_public_thumbnails/filer_public/cf/07/cf07510c-3078-4755-9376-606d9c3e9577/galactic.jpg__64x64_q85_crop_subsampling-2_upscale.jpg", "modified": "2024-06-06T16:08:33.753Z", "source": 3}}, {"model": "easy_thumbnails.thumbnail", "pk": 38, "fields": {"storage_hash": "0d677af76ca5bf5575d614e04932c3a4", "name": "filer_public_thumbnails/filer_public/69/61/69616161-7ca6-43d3-8553-1b1d3cd2f1b0/milky_way.jpg__16x16_q85_crop_subsampling-2_upscale.jpg", "modified": "2024-06-06T16:08:34.111Z", "source": 4}}, {"model": "easy_thumbnails.thumbnail", "pk": 39, "fields": {"storage_hash": "0d677af76ca5bf5575d614e04932c3a4", "name": "filer_public_thumbnails/filer_public/69/61/69616161-7ca6-43d3-8553-1b1d3cd2f1b0/milky_way.jpg__32x32_q85_crop_subsampling-2_upscale.jpg", "modified": "2024-06-06T16:08:34.250Z", "source": 4}}, {"model": "easy_thumbnails.thumbnail", "pk": 40, "fields": {"storage_hash": "0d677af76ca5bf5575d614e04932c3a4", "name": "filer_public_thumbnails/filer_public/69/61/69616161-7ca6-43d3-8553-1b1d3cd2f1b0/milky_way.jpg__48x48_q85_crop_subsampling-2_upscale.jpg", "modified": "2024-06-06T16:08:34.398Z", "source": 4}}, {"model": "easy_thumbnails.thumbnail", "pk": 41, "fields": {"storage_hash": "0d677af76ca5bf5575d614e04932c3a4", "name": "filer_public_thumbnails/filer_public/69/61/69616161-7ca6-43d3-8553-1b1d3cd2f1b0/milky_way.jpg__64x64_q85_crop_subsampling-2_upscale.jpg", "modified": "2024-06-06T16:08:34.546Z", "source": 4}}, {"model": "easy_thumbnails.thumbnail", "pk": 42, "fields": {"storage_hash": "0d677af76ca5bf5575d614e04932c3a4", "name": "filer_public_thumbnails/filer_public/c4/99/c4999b52-426e-48c7-8391-eec961838434/nebula.jpg__16x16_q85_crop_subsampling-2_upscale.jpg", "modified": "2024-06-06T16:08:35.114Z", "source": 5}}, {"model": "easy_thumbnails.thumbnail", "pk": 43, "fields": {"storage_hash": "0d677af76ca5bf5575d614e04932c3a4", "name": "filer_public_thumbnails/filer_public/c4/99/c4999b52-426e-48c7-8391-eec961838434/nebula.jpg__32x32_q85_crop_subsampling-2_upscale.jpg", "modified": "2024-06-06T16:08:35.297Z", "source": 5}}, {"model": "easy_thumbnails.thumbnail", "pk": 44, "fields": {"storage_hash": "0d677af76ca5bf5575d614e04932c3a4", "name": "filer_public_thumbnails/filer_public/c4/99/c4999b52-426e-48c7-8391-eec961838434/nebula.jpg__48x48_q85_crop_subsampling-2_upscale.jpg", "modified": "2024-06-06T16:08:35.452Z", "source": 5}}, {"model": "easy_thumbnails.thumbnail", "pk": 45, "fields": {"storage_hash": "0d677af76ca5bf5575d614e04932c3a4", "name": "filer_public_thumbnails/filer_public/c4/99/c4999b52-426e-48c7-8391-eec961838434/nebula.jpg__64x64_q85_crop_subsampling-2_upscale.jpg", "modified": "2024-06-06T16:08:35.703Z", "source": 5}}, {"model": "filer.folder", "pk": 1, "fields": {"parent": null, "name": "in_slider", "owner": 1, "uploaded_at": "2024-06-06T15:20:40.938Z", "created_at": "2024-06-06T15:20:40.938Z", "modified_at": "2024-06-06T15:20:40.938Z"}}, {"model": "filer.file", "pk": 1, "fields": {"polymorphic_ctype": 15, "folder": 1, "file": "filer_public/57/a2/57a2991f-e2cd-4d88-99e5-a035523a3f60/star.jpeg", "_file_size": 4110, "sha1": "89cf605d03fb60689095570f1dba7455e0b6fe6f", "has_all_mandatory_data": false, "original_filename": "star.jpeg", "name": "", "description": null, "owner": 1, "uploaded_at": "2024-06-06T15:33:11.082Z", "modified_at": "2024-06-06T15:33:11.082Z", "is_public": true, "mime_type": "image/jpeg"}}, {"model": "filer.file", "pk": 2, "fields": {"polymorphic_ctype": 15, "folder": 1, "file": "filer_public/36/ee/36eef6a8-3038-4e02-bdc5-f8983c5cdc22/black_hole.jpg", "_file_size": 7481, "sha1": "019deea98be996ca217db058bf379c86fcf641e4", "has_all_mandatory_data": false, "original_filename": "black_hole.jpg", "name": "", "description": null, "owner": 1, "uploaded_at": "2024-06-06T15:38:00.684Z", "modified_at": "2024-06-06T15:38:00.685Z", "is_public": true, "mime_type": "image/jpeg"}}, {"model": "filer.file", "pk": 3, "fields": {"polymorphic_ctype": 15, "folder": 1, "file": "filer_public/cf/07/cf07510c-3078-4755-9376-606d9c3e9577/galactic.jpg", "_file_size": 1788822, "sha1": "2776c761c533d9adecf14704f2cd0d86c430add8", "has_all_mandatory_data": false, "original_filename": "galactic.jpg", "name": "", "description": null, "owner": 1, "uploaded_at": "2024-06-06T15:38:00.686Z", "modified_at": "2024-06-06T15:38:00.686Z", "is_public": true, "mime_type": "image/jpeg"}}, {"model": "filer.file", "pk": 4, "fields": {"polymorphic_ctype": 15, "folder": 1, "file": "filer_public/69/61/69616161-7ca6-43d3-8553-1b1d3cd2f1b0/milky_way.jpg", "_file_size": 110074, "sha1": "02e535af9e367bbfe9dbfffee9079246dc2f6459", "has_all_mandatory_data": false, "original_filename": "Milky_Way.jpg", "name": "", "description": null, "owner": 1, "uploaded_at": "2024-06-06T15:38:00.713Z", "modified_at": "2024-06-06T15:38:00.713Z", "is_public": true, "mime_type": "image/jpeg"}}, {"model": "filer.file", "pk": 5, "fields": {"polymorphic_ctype": 15, "folder": 1, "file": "filer_public/c4/99/c4999b52-426e-48c7-8391-eec961838434/nebula.jpg", "_file_size": 541347, "sha1": "b7547cbc1bfa618ffc190e4b0a22ca9d8892c7f7", "has_all_mandatory_data": false, "original_filename": "nebula.jpg", "name": "", "description": null, "owner": 1, "uploaded_at": "2024-06-06T15:38:02.250Z", "modified_at": "2024-06-06T15:38:02.250Z", "is_public": true, "mime_type": "image/jpeg"}}, {"model": "filer.clipboard", "pk": 1, "fields": {"user": 1}}, {"model": "filer.image", "pk": 1, "fields": {"_height": 183.0, "_width": 275.0, "_transparent": false, "default_alt_text": null, "default_caption": null, "subject_location": "", "date_taken": "2024-06-06T15:33:10.869Z", "author": null, "must_always_publish_author_credit": false, "must_always_publish_copyright": false}}, {"model": "filer.image", "pk": 2, "fields": {"_height": 302.0, "_width": 299.0, "_transparent": false, "default_alt_text": null, "default_caption": null, "subject_location": "", "date_taken": "2024-06-06T15:38:00.546Z", "author": null, "must_always_publish_author_credit": false, "must_always_publish_copyright": false}}, {"model": "filer.image", "pk": 3, "fields": {"_height": 1428.0, "_width": 1730.0, "_transparent": false, "default_alt_text": null, "default_caption": null, "subject_location": "", "date_taken": "2024-06-06T15:38:00.672Z", "author": null, "must_always_publish_author_credit": false, "must_always_publish_copyright": false}}, {"model": "filer.image", "pk": 4, "fields": {"_height": 641.0, "_width": 1140.0, "_transparent": false, "default_alt_text": null, "default_caption": null, "subject_location": "", "date_taken": "2024-06-06T15:38:00.711Z", "author": null, "must_always_publish_author_credit": false, "must_always_publish_copyright": false}}, {"model": "filer.image", "pk": 5, "fields": {"_height": 1290.0, "_width": 1200.0, "_transparent": false, "default_alt_text": null, "default_caption": null, "subject_location": "", "date_taken": "2024-06-06T15:38:02.247Z", "author": null, "must_always_publish_author_credit": false, "must_always_publish_copyright": false}}, {"model": "agency.picture", "pk": 1, "fields": {"name": "star", "image": 1, "my_order": 1}}, {"model": "agency.picture", "pk": 2, "fields": {"name": "black_hole", "image": 2, "my_order": 2}}, {"model": "agency.picture", "pk": 3, "fields": {"name": "galactic", "image": 3, "my_order": 3}}, {"model": "agency.picture", "pk": 4, "fields": {"name": "Milky_Way", "image": 4, "my_order": 4}}, {"model": "agency.picture", "pk": 5, "fields": {"name": "nebula", "image": 5, "my_order": 5}}]